month,model,subset,n,MAE,RMSE,MAPE,MedAPE
2025-08,rate_per_mile_baseline,all,4759,241.14051605536903,667.6806454230883,10.507328387639928,7.202905344544759
2025-08,rate_per_mile_baseline,clean,4691,193.41541285927065,292.7884716326482,8.201988036756244,7.096102046889961
2025-08,log_linear,all,4759,111.3363806631436,614.9659510983386,5.322408550189007,2.4245893299345824
2025-08,log_linear,clean,4691,61.54667299155577,85.77938360073593,2.8775045756572646,2.382093510729276
2025-08,lightgbm_no_trend,all,4759,124.06275177447284,620.5915468541344,5.992175890776441,3.10973101244431
2025-08,lightgbm_no_trend,clean,4691,74.5909926570676,101.3153687092251,3.6636652555806037,3.0524612342959547
2025-08,lightgbm,all,4759,123.19982373770434,618.1975319087521,5.634006411617663,2.6776578130473605
2025-08,lightgbm,clean,4691,73.6351033076261,107.09235195062982,3.2123105513623367,2.6378372010823825
2025-09,rate_per_mile_baseline,all,4670,227.3103586655384,657.0579533990871,10.036472469015905,6.928597547668581
2025-09,rate_per_mile_baseline,clean,4606,177.8422895539074,260.0341559304924,8.091676596859344,6.802958434601075
2025-09,log_linear,all,4670,123.21027438113934,622.4929750180509,5.140432110320883,2.710749396418043
2025-09,log_linear,clean,4606,72.15053423830115,101.91562172273089,3.1332856322487244,2.675472547042871
2025-09,lightgbm_no_trend,all,4670,154.2392735288038,629.0047019696636,6.266216833067796,4.2480056044004595
2025-09,lightgbm_no_trend,clean,4606,103.7487596794896,133.70898029486312,4.331551415780604,4.208252318018324
2025-09,lightgbm,all,4670,94.48868316831054,613.913260205462,3.795147674902339,1.3869040908379255
2025-09,lightgbm,clean,4606,43.22609342742138,69.5189706586888,1.7507769220976896,1.3669060348332875
2025-10,rate_per_mile_baseline,all,4853,231.33308827042126,683.8909680728295,10.928180004320156,6.731327111397624
2025-10,rate_per_mile_baseline,clean,4773,172.9845265999266,257.5731259728197,8.095395488809668,6.5655080039559595
2025-10,log_linear,all,4853,118.96482522210526,647.301767760869,5.798461771279639,2.382700190428096
2025-10,log_linear,clean,4773,58.636626958813046,79.74815806947997,2.800920730494363,2.3535797503216065
2025-10,lightgbm_no_trend,all,4853,128.62268487838307,654.515253705184,5.889168545259053,2.85274656591102
2025-10,lightgbm_no_trend,clean,4773,68.47779253146894,91.5765525409153,3.004234655313671,2.817618511017657
2025-10,lightgbm,all,4853,96.23604600425348,645.7798001936542,4.555414081398469,1.3175740704899992
2025-10,lightgbm,clean,4773,35.58657236451036,52.223599170096115,1.5723517577238535,1.292149849158021
